scenario,county_slug,capex_pv,capex_storage,capex_electric,capex_gas,annual_bill_electric,annual_bill_gas,vehicle_om
baseline_ice_car,alameda,962.794003215868,2165.000678414255,0.0,6026.715128251622,672.8371925046262,1191.848788266047,5302.886597938144
full_electric_ev,alameda,1834.9721002467131,2165.000678414255,8952.4059619249,0.0,1345.3927897367255,0.0,2161.56
full_electric_ev_coopt,alameda,538.0319429735733,0.0,8952.4059619249,0.0,2894.839188920976,0.0,2161.56
baseline_ice_car,alpine,1175.1750333370153,2165.000678414255,0.0,6026.715128251622,742.3282141513035,2209.485965930446,3036.0
full_electric_ev,alpine,2423.975490449362,2165.000678414255,9338.334067748938,0.0,1821.23439907991,0.0,2161.56
full_electric_ev_coopt,alpine,855.1876146211533,0.0,9338.334067748938,0.0,3616.72492875864,0.0,2161.56
baseline_ice_car,amador,948.6352678744582,2165.000678414255,0.0,6026.715128251622,675.389149897461,3319.4957354781545,5319.711340206186
full_electric_ev,amador,2712.8136914141223,2165.000678414255,8920.510623449258,0.0,2266.1316928592,0.0,2161.56
full_electric_ev_coopt,amador,631.4795962268781,0.0,8920.510623449258,0.0,4292.218110899007,0.0,2161.56
baseline_ice_car,butte,999.6067151035336,2165.000678414255,0.0,6026.715128251622,697.1994961226612,1302.4281570361263,5250.927835051547
full_electric_ev,butte,1962.4007183194017,2165.000678414255,8218.758279672773,0.0,1460.19922184388,0.0,2161.56
full_electric_ev_coopt,butte,506.8827252224717,0.0,8218.758279672773,0.0,3010.865889717143,0.0,2161.56
baseline_ice_car,colusa,798.552673255514,2165.000678414255,0.0,6026.715128251622,611.2686734281829,1554.3542483660965,5348.907216494846
full_electric_ev,colusa,1817.9816178370213,2165.000678414255,7984.050310449432,0.0,1409.982903875918,0.0,2161.56
full_electric_ev_coopt,colusa,430.42555437885864,0.0,7984.050310449432,0.0,2959.2350529520318,0.0,2161.56
baseline_ice_car,contra-costa,951.4670149427402,2165.000678414255,0.0,6026.715128251622,675.918448636304,1258.5258195558213,5306.845360824742
full_electric_ev,contra-costa,1829.3086061101492,2165.000678414255,9145.47980946162,0.0,1381.2906629623324,0.0,2161.56
full_electric_ev_coopt,contra-costa,546.5271841784192,0.0,9145.47980946162,0.0,2927.719665715832,0.0,2161.56
baseline_ice_car,del-norte,1466.8449813700577,2165.000678414255,0.0,6026.715128251622,950.851685696113,1806.5648851738451,5428.082474226804
full_electric_ev,del-norte,2800.597850530863,2165.000678414255,6928.342055561845,0.0,1849.471163714457,0.0,2161.56
full_electric_ev_coopt,del-norte,716.4320082753371,0.0,6928.342055561845,0.0,3745.4137228867926,0.0,2161.56
baseline_ice_car,fresno,925.9812913282025,2165.000678414255,0.0,6026.715128251622,667.361535510897,1003.1591092589956,5299.917525773196
full_electric_ev,fresno,1693.3847468326148,2165.000678414255,8581.190335810796,0.0,1297.040835052088,0.0,2161.56
full_electric_ev_coopt,fresno,501.2192310859078,0.0,8581.190335810796,0.0,2761.533876400263,0.0,2161.56
baseline_ice_car,humboldt,993.9432209669696,2165.000678414255,0.0,6026.715128251622,672.6182092113181,2238.5676023632377,5544.371134020619
full_electric_ev,humboldt,2520.254890770949,2165.000678414255,8612.372009225883,0.0,1755.472662439331,0.0,2161.56
full_electric_ev_coopt,humboldt,495.55573694934384,0.0,8612.372009225883,0.0,3573.238856948561,0.0,2161.56
baseline_ice_car,imperial,753.2447201630026,2165.000678414255,0.0,6026.715128251622,582.7238887092832,291.9419694493546,5143.546391752578
full_electric_ev,imperial,1260.1274453854744,2165.000678414255,7964.364134240543,0.0,890.3046446267504,0.0,2161.56
full_electric_ev_coopt,imperial,416.26681903744884,0.0,7964.364134240543,0.0,2413.3867775258195,0.0,2161.56
baseline_ice_car,kern,925.9812913282025,2165.000678414255,0.0,6026.715128251622,680.8301383277467,556.0160129387216,5243.505154639175
full_electric_ev,kern,1625.4228171938478,2165.000678414255,8039.394486922469,0.0,1189.7518590703685,0.0,2161.56
full_electric_ev_coopt,kern,470.07001333480616,0.0,8039.394486922469,0.0,2815.87094470542,0.0,2161.56
baseline_ice_car,kings,889.168579440537,2165.000678414255,0.0,6026.715128251622,653.4767021395494,1107.7032536620368,5204.907216494845
full_electric_ev,kings,1693.3847468326148,2165.000678414255,8351.829364810394,0.0,1311.8309391892744,0.0,2161.56
full_electric_ev_coopt,kings,495.55573694934384,0.0,8351.829364810394,0.0,2776.819823136543,0.0,2161.56
baseline_ice_car,lake,589.0033902026487,2165.000678414255,0.0,6026.715128251622,518.3687807450079,1512.3683884923846,5270.226804123711
full_electric_ev,lake,1591.4418523744641,2165.000678414255,9338.345047211407,0.0,1199.0731610745574,0.0,2161.56
full_electric_ev_coopt,lake,359.63187767180955,0.0,9338.345047211407,0.0,2640.192143883139,0.0,2161.56
baseline_ice_car,los-angeles,920.3177971916385,2165.000678414255,0.0,6026.715128251622,633.1792787362199,425.6735987692097,5246.969072164949
full_electric_ev,los-angeles,1582.9466111696183,2165.000678414255,8513.17695759351,0.0,1037.2481479638443,0.0,2161.56
full_electric_ev_coopt,los-angeles,472.90176040308813,0.0,8513.17695759351,0.0,2712.085441091493,0.0,2161.56
baseline_ice_car,madera,900.4955677136649,2165.000678414255,0.0,6026.715128251622,655.1792178657489,1004.2474231373336,5289.525773195876
full_electric_ev,madera,1679.226011491205,2165.000678414255,8444.238010689996,0.0,1288.400660821588,0.0,2161.56
full_electric_ev_coopt,madera,478.5652545396521,0.0,8444.238010689996,0.0,2773.1592699080657,0.0,2161.56
baseline_ice_car,marin,968.4574973524319,2165.000678414255,0.0,6026.715128251622,663.7859894137728,1741.2671445323094,5372.164948453608
full_electric_ev,marin,2092.661083460372,2165.000678414255,9444.779956396562,0.0,1568.4049594081066,0.0,2161.56
full_electric_ev_coopt,marin,549.3589312467012,0.0,9444.779956396562,0.0,3246.273423117369,0.0,2161.56
baseline_ice_car,mendocino,1101.5496095616843,2165.000678414255,0.0,6026.715128251622,723.0542903698615,1626.6923555059936,5415.711340206186
full_electric_ev,mendocino,2214.4262073964965,2165.000678414255,8383.779600598386,0.0,1628.353708496899,0.0,2161.56
full_electric_ev_coopt,mendocino,543.6954371101373,0.0,8383.779600598386,0.0,3350.3170988975817,0.0,2161.56
baseline_ice_car,merced,841.0288792797436,2165.000678414255,0.0,6026.715128251622,631.3686488604716,1276.7803551744505,5238.556701030928
full_electric_ev,merced,1718.8704704471527,2165.000678414255,8102.935930075682,0.0,1338.6225726319544,0.0,2161.56
full_electric_ev_coopt,merced,478.5652545396521,0.0,8102.935930075682,0.0,2825.1477087616795,0.0,2161.56
baseline_ice_car,mono,741.9177318898747,2165.000678414255,0.0,6026.715128251622,560.1983679219019,1062.23316902312,5916.98969072165
full_electric_ev,mono,1676.3942644229232,2165.000678414255,8732.487328648784,0.0,1204.9748924645314,0.0,2161.56
full_electric_ev_coopt,mono,444.5842897202685,0.0,8732.487328648784,0.0,2878.009534250629,0.0,2161.56
baseline_ice_car,monterey,872.1780970308452,2165.000678414255,0.0,6026.715128251622,628.4992295043512,1267.8564425518875,5393.938144329897
full_electric_ev,monterey,1730.1974587202806,2165.000678414255,7889.374405569754,0.0,1284.8482087864202,0.0,2161.56
full_electric_ev_coopt,monterey,566.3494136563929,0.0,7889.374405569754,0.0,2805.728793209017,0.0,2161.56
baseline_ice_car,napa,1008.1019563083795,2165.000678414255,0.0,6026.715128251622,694.0864395726724,1442.9792203423715,5429.072164948454
full_electric_ev,napa,2016.203912616759,2165.000678414255,9048.942885693259,0.0,1505.7626089192495,0.0,2161.56
full_electric_ev_coopt,napa,538.0319429735733,0.0,9048.942885693259,0.0,3118.0793917396923,0.0,2161.56
baseline_ice_car,nevada,1025.0924387180712,2165.000678414255,0.0,6026.715128251622,707.5518972583702,3129.401478937797,5543.381443298969
full_electric_ev,nevada,2755.2898974383515,2165.000678414255,8489.159383440166,0.0,2204.951297138707,0.0,2161.56
full_electric_ev_coopt,nevada,642.806584500006,0.0,8489.159383440166,0.0,4220.428045816092,0.0,2161.56
baseline_ice_car,orange,965.62575028415,2165.000678414255,0.0,6026.715128251622,640.9788478250966,410.7573997623137,5220.742268041237
full_electric_ev,orange,1622.591070125566,2165.000678414255,8313.62522719943,0.0,1048.0804667906662,0.0,2161.56
full_electric_ev_coopt,orange,489.8922428127799,0.0,8313.62522719943,0.0,2756.321449120077,0.0,2161.56
baseline_ice_car,plumas,908.9908089185107,2165.000678414255,0.0,6026.715128251622,649.7739164758187,3351.318330860892,5396.907216494845
full_electric_ev,plumas,2769.4486327797617,2165.000678414255,8732.487328648784,0.0,2209.920245901732,0.0,2161.56
full_electric_ev_coopt,plumas,580.5081489978028,0.0,8732.487328648784,0.0,4247.564838716071,0.0,2161.56
baseline_ice_car,riverside,948.6352678744582,2165.000678414255,0.0,6026.715128251622,661.2528951354991,587.7083729702927,5171.257731958764
full_electric_ev,riverside,1670.7307702863593,2165.000678414255,8102.664737352671,0.0,1137.8218890667115,0.0,2161.56
full_electric_ev_coopt,riverside,504.05097815418975,0.0,8102.664737352671,0.0,2880.116710177542,0.0,2161.56
baseline_ice_car,sacramento,1002.4384621718156,2165.000678414255,0.0,6026.715128251622,691.2365419558423,1456.2454111142822,5242.020618556701
full_electric_ev,sacramento,1993.5499360705032,2165.000678414255,8479.191129463561,0.0,1515.0957660897157,0.0,2161.56
full_electric_ev_coopt,sacramento,540.8636900418553,0.0,8479.191129463561,0.0,3129.276677635195,0.0,2161.56
baseline_ice_car,san-benito,1056.2416564691728,2165.000678414255,0.0,6026.715128251622,717.2596976956576,931.4144005705188,5345.938144329897
full_electric_ev,san-benito,1829.3086061101492,2165.000678414255,8741.253331484912,0.0,1371.7069605529225,0.0,2161.56
full_electric_ev_coopt,san-benito,634.3113432951601,0.0,8741.253331484912,0.0,2909.220831800661,0.0,2161.56
baseline_ice_car,san-bernardino,866.5146028942812,2165.000678414255,0.0,6026.715128251622,637.4222412777419,432.2104385626688,5190.556701030928
full_electric_ev,san-bernardino,1481.0037167114676,2165.000678414255,8642.65666055716,0.0,1048.8322367513024,0.0,2161.56
full_electric_ev_coopt,san-bernardino,498.3874840176258,0.0,8642.65666055716,0.0,2690.142368827452,0.0,2161.56
baseline_ice_car,san-diego,1005.2702092400975,2165.000678414255,0.0,6026.715128251622,678.5592024161906,642.6838272622124,5293.979381443299
full_electric_ev,san-diego,1676.3942644229232,2165.000678414255,8441.355901791594,0.0,1011.7959628040894,0.0,2161.56
full_electric_ev_coopt,san-diego,535.2001959052914,0.0,8441.355901791594,0.0,3054.831869167508,0.0,2161.56
baseline_ice_car,san-francisco,1013.7654504449434,2165.000678414255,0.0,6026.715128251622,660.4935420755705,1519.0579292407642,5343.4639175257735
full_electric_ev,san-francisco,2084.165842255526,2165.000678414255,8658.491241331541,0.0,1448.1283716793057,0.0,2161.56
full_electric_ev_coopt,san-francisco,569.1811607246749,0.0,8658.491241331541,0.0,3108.4818427517325,0.0,2161.56
baseline_ice_car,san-joaquin,954.2987620110222,2165.000678414255,0.0,6026.715128251622,682.8310651588865,1335.501907523898,5221.237113402062
full_electric_ev,san-joaquin,1885.9435474757886,2165.000678414255,8818.34672516497,0.0,1449.2676561418589,0.0,2161.56
full_electric_ev_coopt,san-joaquin,501.2192310859078,0.0,8818.34672516497,0.0,3015.6061222679523,0.0,2161.56
baseline_ice_car,san-luis-obispo,923.1495442599205,2165.000678414255,0.0,6026.715128251622,661.7295209194091,548.9949413040014,5438.474226804125
full_electric_ev,san-luis-obispo,1645.2450466718215,2165.000678414255,8127.496987621297,0.0,1126.304892370058,0.0,2161.56
full_electric_ev_coopt,san-luis-obispo,543.6954371101373,0.0,8127.496987621297,0.0,2809.6821233810883,0.0,2161.56
baseline_ice_car,san-mateo,988.2797268304057,2165.000678414255,0.0,6026.715128251622,649.3919698963492,1360.4650854072888,5379.092783505155
full_electric_ev,san-mateo,1979.3912007290935,2165.000678414255,8633.393288071136,0.0,1386.3028008704714,0.0,2161.56
full_electric_ev_coopt,san-mateo,532.3684488370094,0.0,8633.393288071136,0.0,3009.459150444144,0.0,2161.56
baseline_ice_car,santa-barbara,917.4860501233566,2165.000678414255,0.0,6026.715128251622,630.8939291535453,783.7744316878197,5245.9793814433
full_electric_ev,santa-barbara,1659.4037820132314,2165.000678414255,8074.530962719285,0.0,1162.7416362785327,0.0,2161.56
full_electric_ev_coopt,santa-barbara,504.05097815418975,0.0,8074.530962719285,0.0,2646.863233315886,0.0,2161.56
baseline_ice_car,santa-clara,1005.2702092400975,2165.000678414255,0.0,6026.715128251622,683.387915108714,1154.24584659965,5275.175257731959
full_electric_ev,santa-clara,1863.2895709295328,2165.000678414255,8740.893205115892,0.0,1361.551072662971,0.0,2161.56
full_electric_ev_coopt,santa-clara,552.1906783149832,0.0,8740.893205115892,0.0,2927.8776318976834,0.0,2161.56
baseline_ice_car,santa-cruz,976.9527385572778,2165.000678414255,0.0,6026.715128251622,656.531797345456,1436.894712365745,5323.175257731959
full_electric_ev,santa-cruz,1976.5594536608114,2165.000678414255,8421.366692418529,0.0,1412.897902543888,0.0,2161.56
full_electric_ev_coopt,santa-cruz,566.3494136563929,0.0,8421.366692418529,0.0,3036.710111564202,0.0,2161.56
baseline_ice_car,shasta,985.4479797621237,2165.000678414255,0.0,6026.715128251622,697.3526272501551,1202.4353531814172,5201.938144329897
full_electric_ev,shasta,1990.7181890022212,2165.000678414255,8264.432843548393,0.0,1466.9076018305968,0.0,2161.56
full_electric_ev_coopt,shasta,478.5652545396521,0.0,8264.432843548393,0.0,3004.502908623626,0.0,2161.56
baseline_ice_car,sierra,566.3494136563929,2165.000678414255,0.0,6026.715128251622,498.0246063130589,3181.904626401992,5595.835051546392
full_electric_ev,sierra,2245.5754251475983,2165.000678414255,8732.487328648784,0.0,1830.575824978028,0.0,2161.56
full_electric_ev_coopt,sierra,495.55573694934384,0.0,8732.487328648784,0.0,3643.979049040175,0.0,2161.56
baseline_ice_car,solano,979.7844856255598,2165.000678414255,0.0,6026.715128251622,679.8843747349249,1663.8247519500287,5292.98969072165
full_electric_ev,solano,2041.6896362312966,2165.000678414255,8921.224288509813,0.0,1554.0697051339544,0.0,2161.56
full_electric_ev_coopt,solano,577.6764019295208,0.0,8921.224288509813,0.0,3201.681960867908,0.0,2161.56
baseline_ice_car,sonoma,1061.9051506057367,2165.000678414255,0.0,6026.715128251622,700.8361826537691,1594.5906399892135,5402.845360824742
full_electric_ev,sonoma,2169.118254303985,2165.000678414255,9179.46124580658,0.0,1566.0755713553356,0.0,2161.56
full_electric_ev_coopt,sonoma,557.854172451547,0.0,9179.46124580658,0.0,3259.2416378129137,0.0,2161.56
baseline_ice_car,stanislaus,934.4765325330484,2165.000678414255,0.0,6026.715128251622,673.0791868469894,1192.2348450498034,5163.340206185567
full_electric_ev,stanislaus,1789.6641471542018,2165.000678414255,8569.292990278194,0.0,1377.033678316088,0.0,2161.56
full_electric_ev_coopt,stanislaus,506.8827252224717,0.0,8569.292990278194,0.0,2882.5188411846966,0.0,2161.56
baseline_ice_car,sutter,1104.3813566299664,2165.000678414255,0.0,6026.715128251622,747.3709575669196,1310.2843142880834,5168.288659793814
full_electric_ev,sutter,2050.1848774361424,2165.000678414255,8503.565536147185,0.0,1568.0025055457636,0.0,2161.56
full_electric_ev_coopt,sutter,572.0129077929569,0.0,8503.565536147185,0.0,3167.2887354169848,0.0,2161.56
baseline_ice_car,tehama,673.9558022511076,2165.000678414255,0.0,6026.715128251622,553.5341383402507,1650.7173973747697,5214.309278350515
full_electric_ev,tehama,1775.5054118127919,2165.000678414255,8279.090425945977,0.0,1369.884707162252,0.0,2161.56
full_electric_ev_coopt,tehama,370.9588659449374,0.0,8279.090425945977,0.0,2846.479660576215,0.0,2161.56
baseline_ice_car,trinity,914.6543030550746,2165.000678414255,0.0,6026.715128251622,639.283043624021,1808.5419794468312,5584.453608247422
full_electric_ev,trinity,2140.8007836211655,2165.000678414255,8473.48180897911,0.0,1633.693272446987,0.0,2161.56
full_electric_ev_coopt,trinity,438.92079558370455,0.0,8473.48180897911,0.0,3322.013371677788,0.0,2161.56
baseline_ice_car,tulare,923.1495442599205,2165.000678414255,0.0,6026.715128251622,676.3010461622641,782.5547739443241,5256.371134020619
full_electric_ev,tulare,1798.1593883590476,2165.000678414255,8928.69800861321,0.0,1317.2984359856482,0.0,2161.56
full_electric_ev_coopt,tulare,433.2573014471406,0.0,8928.69800861321,0.0,3028.8175814774745,0.0,2161.56
baseline_ice_car,ventura,937.3082796013304,2165.000678414255,0.0,6026.715128251622,663.6514549210092,438.86292677361024,5274.680412371134
full_electric_ev,ventura,1580.1148641013363,2165.000678414255,8894.599092019818,0.0,1086.488697494433,0.0,2161.56
full_electric_ev_coopt,ventura,523.8732076321635,0.0,8894.599092019818,0.0,2753.514873083365,0.0,2161.56
baseline_ice_car,yolo,999.6067151035336,2165.000678414255,0.0,6026.715128251622,696.5347529082143,1577.586515414893,5256.865979381444
full_electric_ev,yolo,2036.0261420947327,2165.000678414255,8798.419000781736,0.0,1556.936578860351,0.0,2161.56
full_electric_ev_coopt,yolo,574.8446548612387,0.0,8798.419000781736,0.0,3170.5857139138657,0.0,2161.56
